{
    "employees": [
    {
    "firstName": "Manavv",
    "lastName": "Pandya",
    "email": "manav@capgemini.com",
    "phone": "12345678910",
    "id": 1
    },
    {
    "firstName": "test",
    "lastName": "test",
    "email": "a@capgemini.com",
    "phone": "12345678910",
    "id": 2
    },
    {
    "firstName": "test1",
    "lastName": "test1",
    "email": "a123@capgemini.com",
    "phone": "12345678910",
    "id": 3
    },
    {
    "firstName": "test2",
    "lastName": "test2",
    "email": "a1234@capgemini.com",
    "phone": "12345678910",
    "id": 4
    },
    {
    "firstName": "test3",
    "lastName": "test3",
    "email": "a12345@capgemini.com",
    "phone": "12345678910",
    "id": 5
    }
    ]
    }